{
 "elements": [
  "Mo",
  "Nb",
  "Ti",
  "Ta"
 ],
 "sampling_sss": [
  201.451692,
  222.30873,
  256.047053,
  166.068312,
  202.318883,
  117.737632,
  222.709332,
  167.011674,
  175.851829,
  103.044966,
  149.576899,
  73.754141,
  154.379556,
  134.670914,
  78.230325,
  242.040021,
  88.133854,
  136.499485,
  124.857631,
  184.133544,
  112.556142,
  246.729167,
  161.908032,
  209.998192,
  202.598851,
  52.203184,
  192.565716,
  166.939679,
  207.97704,
  54.066471,
  94.949903,
  233.419603,
  60.549024,
  151.810028,
  166.890184,
  234.435823,
  189.828703,
  187.972149,
  184.3374,
  200.423974,
  230.09613,
  232.355155,
  233.954687,
  235.083425,
  243.678986,
  240.257535,
  198.896194,
  236.895071,
  233.352685,
  233.340615,
  231.231147,
  230.09613,
  217.759963,
  203.251219,
  219.291206,
  245.006788,
  236.917866,
  232.179225,
  229.530239,
  232.302416,
  223.458851,
  230.09613,
  216.734532,
  198.903607,
  212.854493,
  186.807814,
  194.033616,
  277.023272,
  206.845962,
  223.618749,
  267.856841,
  285.35624,
  163.858107,
  224.249486,
  306.973796,
  307.706429,
  301.935387,
  285.982595,
  311.365622,
  262.293106,
  270.765353,
  307.707622,
  310.958519,
  309.071383,
  277.012848,
  290.334994,
  310.259441,
  264.837253
 ],
 "sampling_D": [
  1.355264,
  1.361573,
  1.349419,
  1.327528,
  1.317733,
  1.27768,
  1.317635,
  1.42953,
  1.29229,
  1.270126,
  1.371987,
  1.266888,
  1.536312,
  1.281646,
  1.261874,
  1.327728,
  1.262928,
  1.440802,
  1.282026,
  1.308863,
  1.302895,
  1.333309,
  1.299013,
  1.309394,
  1.372292,
  1.232488,
  1.310428,
  1.304293,
  1.316662,
  1.235823,
  1.267635,
  1.320864,
  1.240687,
  1.78871,
  1.772161,
  1.63592,
  1.755484,
  1.738819,
  1.722227,
  1.706424,
  1.691087,
  1.676347,
  1.662201,
  1.64862,
  2.008875,
  1.9308,
  1.586342,
  1.866427,
  1.812125,
  1.765753,
  1.72593,
  1.691087,
  1.660436,
  1.632823,
  1.608305,
  1.436678,
  1.475719,
  1.515399,
  1.556287,
  1.599426,
  1.644184,
  1.691087,
  1.740338,
  1.791354,
  1.844442,
  1.460143,
  1.477705,
  1.43453,
  1.443578,
  1.51867,
  1.756184,
  1.537177,
  1.760962,
  1.447505,
  1.434219,
  1.424158,
  1.444642,
  1.481132,
  1.447856,
  1.360334,
  1.389033,
  1.426266,
  1.442916,
  1.42999,
  1.392533,
  1.40351,
  1.441967,
  1.370933
 ],
 "sampling_concentration": [
  [
   0.003817,
   0.003817,
   0.003815,
   3e-05
  ],
  [
   0.005681,
   0.002839,
   0.002839,
   0.0
  ],
  [
   0.005333,
   0.004961,
   0.001068,
   0.0
  ],
  [
   0.002889,
   0.007902,
   0.000568,
   0.0
  ],
  [
   0.003745,
   0.006351,
   0.001266,
   0.0
  ],
  [
   0.001636,
   0.006133,
   0.003593,
   0.0
  ],
  [
   0.004411,
   0.004979,
   0.001972,
   0.0
  ],
  [
   0.002839,
   0.002839,
   0.005681,
   0.0
  ],
  [
   0.002839,
   0.005681,
   0.002839,
   0.0
  ],
  [
   0.001436,
   0.007017,
   0.002909,
   0.0
  ],
  [
   0.007558,
   0.001498,
   0.002306,
   0.0
  ],
  [
   0.000894,
   0.004053,
   0.006415,
   0.0
  ],
  [
   0.006119,
   0.00061,
   0.004633,
   0.0
  ],
  [
   0.001912,
   0.006615,
   0.002835,
   0.0
  ],
  [
   0.000948,
   0.007488,
   0.002923,
   0.0
  ],
  [
   0.005109,
   0.004589,
   0.001664,
   0.0
  ],
  [
   0.00105,
   0.006303,
   0.004009,
   0.0
  ],
  [
   0.007216,
   0.000712,
   0.003433,
   0.0
  ],
  [
   0.001796,
   0.006321,
   0.003245,
   0.0
  ],
  [
   0.003087,
   0.005821,
   0.002451,
   0.0
  ],
  [
   0.001518,
   0.004745,
   0.005099,
   0.0
  ],
  [
   0.005293,
   0.004665,
   0.001404,
   0.0
  ],
  [
   0.002469,
   0.006089,
   0.002801,
   0.0
  ],
  [
   0.003959,
   0.005655,
   0.001748,
   0.0
  ],
  [
   0.00716,
   0.003345,
   0.000856,
   0.0
  ],
  [
   0.00057,
   0.006115,
   0.004677,
   0.0
  ],
  [
   0.003319,
   0.005859,
   0.002184,
   0.0
  ],
  [
   0.002633,
   0.006629,
   0.0021,
   0.0
  ],
  [
   0.003877,
   0.005351,
   0.002134,
   0.0
  ],
  [
   0.000596,
   0.006555,
   0.004211,
   0.0
  ],
  [
   0.001252,
   0.006427,
   0.003683,
   0.0
  ],
  [
   0.004853,
   0.004569,
   0.001938,
   0.0
  ],
  [
   0.000696,
   0.006443,
   0.004225,
   0.0
  ],
  [
   0.001366,
   0.003373,
   0.003373,
   0.003369
  ],
  [
   0.001622,
   0.003247,
   0.003247,
   0.003245
  ],
  [
   0.003615,
   0.002581,
   0.002581,
   0.002583
  ],
  [
   0.001894,
   0.003155,
   0.003155,
   0.003155
  ],
  [
   0.00215,
   0.003069,
   0.003069,
   0.003071
  ],
  [
   0.002393,
   0.002989,
   0.002989,
   0.002987
  ],
  [
   0.002621,
   0.002913,
   0.002913,
   0.002913
  ],
  [
   0.002839,
   0.002839,
   0.002839,
   0.002839
  ],
  [
   0.003047,
   0.002771,
   0.002771,
   0.002769
  ],
  [
   0.003247,
   0.002703,
   0.002703,
   0.002705
  ],
  [
   0.003435,
   0.002643,
   0.002643,
   0.002639
  ],
  [
   0.003343,
   0.001336,
   0.003343,
   0.003339
  ],
  [
   0.003247,
   0.001622,
   0.003247,
   0.003245
  ],
  [
   0.002581,
   0.003615,
   0.002581,
   0.002583
  ],
  [
   0.003155,
   0.001894,
   0.003155,
   0.003155
  ],
  [
   0.003069,
   0.00215,
   0.003069,
   0.003071
  ],
  [
   0.002989,
   0.002393,
   0.002989,
   0.002987
  ],
  [
   0.002913,
   0.002621,
   0.002913,
   0.002913
  ],
  [
   0.002839,
   0.002839,
   0.002839,
   0.002839
  ],
  [
   0.002771,
   0.003047,
   0.002771,
   0.002769
  ],
  [
   0.002703,
   0.003247,
   0.002703,
   0.002705
  ],
  [
   0.002643,
   0.003435,
   0.002643,
   0.002639
  ],
  [
   0.004059,
   0.004059,
   0.001622,
   0.001622
  ],
  [
   0.003787,
   0.003787,
   0.001894,
   0.001894
  ],
  [
   0.003549,
   0.003549,
   0.00213,
   0.002134
  ],
  [
   0.003343,
   0.003343,
   0.002338,
   0.002338
  ],
  [
   0.003155,
   0.003155,
   0.002523,
   0.002523
  ],
  [
   0.002989,
   0.002989,
   0.002689,
   0.002689
  ],
  [
   0.002839,
   0.002839,
   0.002839,
   0.002839
  ],
  [
   0.002703,
   0.002703,
   0.002977,
   0.002977
  ],
  [
   0.002581,
   0.002581,
   0.003099,
   0.003099
  ],
  [
   0.002469,
   0.002469,
   0.003211,
   0.003211
  ],
  [
   0.00183,
   0.004033,
   0.00129,
   0.004209
  ],
  [
   0.001912,
   0.004277,
   0.001576,
   0.003599
  ],
  [
   0.006533,
   0.001528,
   0.00123,
   0.002072
  ],
  [
   0.002685,
   0.004751,
   0.001738,
   0.002186
  ],
  [
   0.003579,
   0.003559,
   0.002729,
   0.001496
  ],
  [
   0.004119,
   0.001332,
   0.002635,
   0.003275
  ],
  [
   0.003337,
   0.001622,
   0.001272,
   0.005129
  ],
  [
   0.0013,
   0.002102,
   0.002264,
   0.005697
  ],
  [
   0.002763,
   0.004433,
   0.001414,
   0.002751
  ],
  [
   0.005819,
   0.001538,
   0.000938,
   0.003065
  ],
  [
   0.006035,
   0.0012,
   0.000814,
   0.003313
  ],
  [
   0.005885,
   0.001446,
   0.00105,
   0.002981
  ],
  [
   0.005453,
   0.001464,
   0.001294,
   0.003151
  ],
  [
   0.005371,
   0.00137,
   0.000916,
   0.003705
  ],
  [
   0.005497,
   0.004487,
   0.001204,
   0.000172
  ],
  [
   0.007406,
   0.00078,
   0.000814,
   0.002362
  ],
  [
   0.006217,
   0.00131,
   0.000826,
   0.003007
  ],
  [
   0.005611,
   0.00137,
   0.000916,
   0.003465
  ],
  [
   0.006015,
   0.001314,
   0.00083,
   0.003203
  ],
  [
   0.007258,
   0.000832,
   0.000786,
   0.002483
  ],
  [
   0.006709,
   0.000988,
   0.000702,
   0.002963
  ],
  [
   0.005689,
   0.001424,
   0.000916,
   0.003333
  ],
  [
   0.005451,
   0.004377,
   0.001228,
   0.000308
  ]
 ],