{
 "elements": [
  "Mo",
  "Nb",
  "Ti",
  "Mo"
 ],
 "sampling_sss": [
  201.451692,
  222.30873,
  256.047053,
  166.068312,
  202.318883,
  117.737632,
  222.709332,
  167.011674,
  175.851829,
  103.044966,
  149.576899,
  73.754141,
  154.379556,
  134.670914,
  78.230325,
  242.040021,
  88.133854,
  136.499485,
  124.857631,
  184.133544,
  112.556142,
  246.729167,
  161.908032,
  209.998192,
  202.598851,
  52.203184,
  192.565716,
  166.939679,
  207.97704,
  54.066471,
  94.949903,
  233.419603,
  60.549024,
  151.810028,
  166.890184,
  234.435823,
  189.828703,
  187.972149,
  184.3374,
  200.423974,
  230.09613,
  232.355155,
  233.954687,
  235.083425,
  243.678986,
  240.257535,
  198.896194,
  236.895071,
  233.352685,
  233.340615,
  231.231147,
  230.09613,
  217.759963,
  203.251219,
  219.291206,
  245.006788,
  236.917866,
  232.179225,
  229.530239,
  232.302416,
  223.458851,
  230.09613,
  216.734532,
  198.903607,
  212.854493,
  186.807814,
  194.033616,
  277.023272,
  206.845962,
  223.618749,
  267.856841,
  285.35624,
  163.858107,
  224.249486,
  306.973796,
  307.706429,
  301.935387,
  285.982595,
  311.365622,
  262.293106,
  270.765353,
  307.707622,
  310.958519,
  309.071383,
  277.012848,
  290.334994,
  310.259441,
  264.837253
 ],
 "sampling_D": [
  1.355264,
  1.361573,
  1.349419,
  1.327528,
  1.317733,
  1.27768,
  1.317635,
  1.42953,
  1.29229,
  1.270126,
  1.371987,
  1.266888,
  1.536312,
  1.281646,
  1.261874,
  1.327728,
  1.262928,
  1.440802,
  1.282026,
  1.308863,
  1.302895,
  1.333309,
  1.299013,
  1.309394,
  1.372292,
  1.232488,
  1.310428,
  1.304293,
  1.316662,
  1.235823,
  1.267635,
  1.320864,
  1.240687,
  1.78871,
  1.772161,
  1.63592,
  1.755484,
  1.738819,
  1.722227,
  1.706424,
  1.691087,
  1.676347,
  1.662201,
  1.64862,
  2.008875,
  1.9308,
  1.586342,
  1.866427,
  1.812125,
  1.765753,
  1.72593,
  1.691087,
  1.660436,
  1.632823,
  1.608305,
  1.436678,
  1.475719,
  1.515399,
  1.556287,
  1.599426,
  1.644184,
  1.691087,
  1.740338,
  1.791354,
  1.844442,
  1.460143,
  1.477705,
  1.43453,
  1.443578,
  1.51867,
  1.756184,
  1.537177,
  1.760962,
  1.447505,
  1.434219,
  1.424158,
  1.444642,
  1.481132,
  1.447856,
  1.360334,
  1.389033,
  1.426266,
  1.442916,
  1.42999,
  1.392533,
  1.40351,
  1.441967,
  1.370933
 ],
 "sampling_concentration": [
  [
   0.3334,
   0.3334,
   0.3332,
   0.0
  ],
  [
   0.5,
   0.25,
   0.25,
   0.0
  ],
  [
   0.4694,
   0.4366,
   0.094,
   0.0
  ],
  [
   0.2544,
   0.6956,
   0.05,
   0.0
  ],
  [
   0.3296,
   0.559,
   0.1114,
   0.0
  ],
  [
   0.144,
   0.5398,
   0.3162,
   0.0
  ],
  [
   0.3882,
   0.4382,
   0.1736,
   0.0
  ],
  [
   0.25,
   0.25,
   0.5,
   0.0
  ],
  [
   0.25,
   0.5,
   0.25,
   0.0
  ],
  [
   0.1264,
   0.6176,
   0.256,
   0.0
  ],
  [
   0.6652,
   0.1318,
   0.203,
   0.0
  ],
  [
   0.0786,
   0.3568,
   0.5646,
   0.0
  ],
  [
   0.5386,
   0.0536,
   0.4078,
   0.0
  ],
  [
   0.1682,
   0.5822,
   0.2496,
   0.0
  ],
  [
   0.0834,
   0.6592,
   0.2574,
   0.0
  ],
  [
   0.4496,
   0.404,
   0.1464,
   0.0
  ],
  [
   0.0924,
   0.5548,
   0.3528,
   0.0
  ],
  [
   0.6352,
   0.0626,
   0.3022,
   0.0
  ],
  [
   0.158,
   0.5564,
   0.2856,
   0.0
  ],
  [
   0.2718,
   0.5124,
   0.2158,
   0.0
  ],
  [
   0.1336,
   0.4176,
   0.4488,
   0.0
  ],
  [
   0.4658,
   0.4106,
   0.1236,
   0.0
  ],
  [
   0.2174,
   0.536,
   0.2466,
   0.0
  ],
  [
   0.3484,
   0.4978,
   0.1538,
   0.0
  ],
  [
   0.6302,
   0.2944,
   0.0754,
   0.0
  ],
  [
   0.0502,
   0.5382,
   0.4116,
   0.0
  ],
  [
   0.2922,
   0.5156,
   0.1922,
   0.0
  ],
  [
   0.2318,
   0.5834,
   0.1848,
   0.0
  ],
  [
   0.3412,
   0.471,
   0.1878,
   0.0
  ],
  [
   0.0524,
   0.577,
   0.3706,
   0.0
  ],
  [
   0.1102,
   0.5656,
   0.3242,
   0.0
  ],
  [
   0.4272,
   0.4022,
   0.1706,
   0.0
  ],
  [
   0.0612,
   0.567,
   0.3718,
   0.0
  ],
  [
   0.1176,
   0.2942,
   0.2942,
   0.294
  ],
  [
   0.1428,
   0.2858,
   0.2858,
   0.2856
  ],
  [
   0.3182,
   0.2272,
   0.2272,
   0.2274
  ],
  [
   0.1666,
   0.2778,
   0.2778,
   0.2778
  ],
  [
   0.1892,
   0.2702,
   0.2702,
   0.2704
  ],
  [
   0.2106,
   0.2632,
   0.2632,
   0.263
  ],
  [
   0.2308,
   0.2564,
   0.2564,
   0.2564
  ],
  [
   0.25,
   0.25,
   0.25,
   0.25
  ],
  [
   0.2682,
   0.244,
   0.244,
   0.2438
  ],
  [
   0.2858,
   0.238,
   0.238,
   0.2382
  ],
  [
   0.3024,
   0.2326,
   0.2326,
   0.2324
  ],
  [
   0.2942,
   0.1176,
   0.2942,
   0.294
  ],
  [
   0.2858,
   0.1428,
   0.2858,
   0.2856
  ],
  [
   0.2272,
   0.3182,
   0.2272,
   0.2274
  ],
  [
   0.2778,
   0.1666,
   0.2778,
   0.2778
  ],
  [
   0.2702,
   0.1892,
   0.2702,
   0.2704
  ],
  [
   0.2632,
   0.2106,
   0.2632,
   0.263
  ],
  [
   0.2564,
   0.2308,
   0.2564,
   0.2564
  ],
  [
   0.25,
   0.25,
   0.25,
   0.25
  ],
  [
   0.244,
   0.2682,
   0.244,
   0.2438
  ],
  [
   0.238,
   0.2858,
   0.238,
   0.2382
  ],
  [
   0.2326,
   0.3024,
   0.2326,
   0.2324
  ],
  [
   0.3572,
   0.3572,
   0.1428,
   0.1428
  ],
  [
   0.3334,
   0.3334,
   0.1666,
   0.1666
  ],
  [
   0.3124,
   0.3124,
   0.1874,
   0.1878
  ],
  [
   0.2942,
   0.2942,
   0.2058,
   0.2058
  ],
  [
   0.2778,
   0.2778,
   0.2222,
   0.2222
  ],
  [
   0.2632,
   0.2632,
   0.2368,
   0.2368
  ],
  [
   0.25,
   0.25,
   0.25,
   0.25
  ],
  [
   0.238,
   0.238,
   0.262,
   0.262
  ],
  [
   0.2272,
   0.2272,
   0.2728,
   0.2728
  ],
  [
   0.2174,
   0.2174,
   0.2826,
   0.2826
  ],
  [
   0.161,
   0.355,
   0.1136,
   0.3704
  ],
  [
   0.1682,
   0.3764,
   0.1386,
   0.3168
  ],
  [
   0.575,
   0.1344,
   0.1082,
   0.1824
  ],
  [
   0.2364,
   0.4182,
   0.153,
   0.1924
  ],
  [
   0.315,
   0.3132,
   0.2402,
   0.1316
  ],
  [
   0.3626,
   0.1172,
   0.232,
   0.2882
  ],
  [
   0.2938,
   0.1428,
   0.112,
   0.4514
  ],
  [
   0.1144,
   0.185,
   0.1992,
   0.5014
  ],
  [
   0.2432,
   0.3902,
   0.1244,
   0.2422
  ],
  [
   0.5122,
   0.1354,
   0.0826,
   0.2698
  ],
  [
   0.5312,
   0.1056,
   0.0716,
   0.2916
  ],
  [
   0.518,
   0.1272,
   0.0924,
   0.2624
  ],
  [
   0.48,
   0.1288,
   0.1138,
   0.2774
  ],
  [
   0.47268,
   0.12058,
   0.08064,
   0.3261
  ],
  [
   0.4839,
   0.39488,
   0.10604,
   0.01518
  ],
  [
   0.65184,
   0.06872,
   0.07158,
   0.20786
  ],
  [
   0.54724,
   0.11534,
   0.07268,
   0.26474
  ],
  [
   0.4938,
   0.12058,
   0.08064,
   0.30498
  ],
  [
   0.52932,
   0.11566,
   0.0731,
   0.28192
  ],
  [
   0.63892,
   0.07326,
   0.0692,
   0.21862
  ],
  [
   0.59046,
   0.087,
   0.06176,
   0.26078
  ],
  [
   0.5007,
   0.12524,
   0.08064,
   0.29342
  ],
  [
   0.4797,
   0.38518,
   0.10804,
   0.02708
  ]
 ],