{
 "elements": [
  "Mo",
  "Nb",
  "Ti"
 ],
 "sampling_sss": [
  201.451692,
  222.30873,
  167.011674,
  175.851829,
  103.044966,
  149.576899,
  69.790515,
  154.379556,
  134.670914,
  74.283126,
  256.047053,
  166.068312,
  202.318883,
  117.737632,
  222.709332,
  155.167218,
  242.040021,
  83.78403,
  49.004186,
  192.565716,
  166.939679,
  207.97704,
  50.869942,
  94.949903,
  233.419603,
  57.132537,
  136.499485,
  124.857631,
  184.133544,
  112.556142,
  246.729167,
  161.908032,
  209.998192
 ],
 "sampling_D": [
  1.355237,
  1.361552,
  1.429497,
  1.298268,
  1.270111,
  1.37193,
  1.266873,
  1.536293,
  1.281629,
  1.261863,
  1.349491,
  1.327914,
  1.317711,
  1.277672,
  1.31759,
  1.451777,
  1.327744,
  1.262913,
  1.232471,
  1.310406,
  1.304271,
  1.316637,
  1.235807,
  1.267631,
  1.320836,
  1.240674,
  1.440754,
  1.281999,
  1.308842,
  1.30287,
  1.333557,
  1.298995,
  1.309696
 ],
 "sampling_concentration": [
  [
   0.33336,
   0.33332,
   0.33332
  ],
  [
   0.5,
   0.25,
   0.25
  ],
  [
   0.25,
   0.25,
   0.5
  ],
  [
   0.25,
   0.5,
   0.25
  ],
  [
   0.12642,
   0.61762,
   0.25596
  ],
  [
   0.66512,
   0.13172,
   0.20316
  ],
  [
   0.07864,
   0.35684,
   0.56452
  ],
  [
   0.5385,
   0.05368,
   0.40782
  ],
  [
   0.16814,
   0.58212,
   0.24974
  ],
  [
   0.08346,
   0.65926,
   0.25728
  ],
  [
   0.46946,
   0.43658,
   0.09396
  ],
  [
   0.25434,
   0.6956,
   0.05006
  ],
  [
   0.32964,
   0.559,
   0.11136
  ],
  [
   0.1439,
   0.5399,
   0.3162
  ],
  [
   0.3883,
   0.43822,
   0.17348
  ],
  [
   0.22908,
   0.11822,
   0.6527
  ],
  [
   0.44968,
   0.4039,
   0.14642
  ],
  [
   0.09246,
   0.5548,
   0.35274
  ],
  [
   0.05018,
   0.53812,
   0.4117
  ],
  [
   0.29216,
   0.51556,
   0.19228
  ],
  [
   0.23184,
   0.5835,
   0.18466
  ],
  [
   0.34112,
   0.47094,
   0.18794
  ],
  [
   0.05232,
   0.57708,
   0.3706
  ],
  [
   0.1101,
   0.56562,
   0.32428
  ],
  [
   0.42724,
   0.40224,
   0.17052
  ],
  [
   0.06122,
   0.5671,
   0.37168
  ],
  [
   0.63526,
   0.0627,
   0.30204
  ],
  [
   0.15802,
   0.55646,
   0.28552
  ],
  [
   0.27184,
   0.5124,
   0.21576
  ],
  [
   0.13362,
   0.41768,
   0.4487
  ],
  [
   0.46588,
   0.41062,
   0.1235
  ],
  [
   0.21738,
   0.53608,
   0.24654
  ],
  [
   0.34848,
   0.4978,
   0.15372
  ]
 ],
 "pareto_front_concentration": [
  [
   0.05002,
   0.53842,
   0.41156
  ],
  [
   0.05002,
   0.53842,
   0.41156
  ],
  [
   0.05146,
   0.53044,
   0.4181
  ],
  [
   0.0532,
   0.51572,
   0.43108
  ],
  [
   0.05756,
   0.52928,
   0.41316
  ],
  [
   0.05768,
   0.52928,
   0.41304
  ],
  [
   0.0584,
   0.50658,
   0.43502
  ],
  [
   0.06372,
   0.53756,
   0.39872
  ],
  [
   0.06406,
   0.5304,
   0.40554
  ],
  [
   0.06532,
   0.51758,
   0.4171
  ],
  [
   0.07012,
   0.5304,
   0.39948
  ],
  [
   0.07454,
   0.55012,
   0.37534
  ],
  [
   0.07612,
   0.52928,
   0.3946
  ],
  [
   0.07734,
   0.53238,
   0.39028
  ],
  [
   0.07952,
   0.53034,
   0.39014
  ],
  [
   0.08148,
   0.54132,
   0.3772
  ],
  [
   0.08316,
   0.53144,
   0.3854
  ],
  [
   0.09192,
   0.5522,
   0.35588
  ],
  [
   0.09458,
   0.52822,
   0.3772
  ],
  [
   0.10106,
   0.5461,
   0.35284
  ],
  [
   0.10208,
   0.53504,
   0.36288
  ],
  [
   0.1043,
   0.53504,
   0.36066
  ],
  [
   0.10768,
   0.5769,
   0.31542
  ],
  [
   0.10876,
   0.57064,
   0.3206
  ],
  [
   0.11148,
   0.53866,
   0.34986
  ],
  [
   0.1154,
   0.56546,
   0.31914
  ],
  [
   0.11676,
   0.56824,
   0.315
  ],
  [
   0.11938,
   0.56002,
   0.3206
  ],
  [
   0.12076,
   0.5587,
   0.32054
  ],
  [
   0.12166,
   0.53658,
   0.34176
  ],
  [
   0.1249,
   0.55474,
   0.32036
  ],
  [
   0.12628,
   0.5566,
   0.31712
  ],
  [
   0.12886,
   0.54606,
   0.32508
  ],
  [
   0.13182,
   0.5566,
   0.31158
  ],
  [
   0.13568,
   0.56132,
   0.303
  ],
  [
   0.13776,
   0.55214,
   0.3101
  ],
  [
   0.14158,
   0.54342,
   0.315
  ],
  [
   0.14554,
   0.56416,
   0.2903
  ],
  [
   0.1473,
   0.55602,
   0.29668
  ],
  [
   0.15138,
   0.55602,
   0.2926
  ],
  [
   0.15296,
   0.53694,
   0.3101
  ],
  [
   0.15976,
   0.55748,
   0.28276
  ],
  [
   0.16208,
   0.54808,
   0.28984
  ],
  [
   0.16638,
   0.55334,
   0.28028
  ],
  [
   0.16928,
   0.5696,
   0.26112
  ],
  [
   0.17426,
   0.56868,
   0.25706
  ],
  [
   0.17754,
   0.56786,
   0.2546
  ],
  [
   0.18448,
   0.55716,
   0.25836
  ],
  [
   0.19022,
   0.55614,
   0.25364
  ],
  [
   0.19054,
   0.55582,
   0.25364
  ],
  [
   0.19518,
   0.54628,
   0.25854
  ],
  [
   0.19804,
   0.53288,
   0.26908
  ],
  [
   0.20658,
   0.54824,
   0.24518
  ],
  [
   0.20598,
   0.53584,
   0.25818
  ],
  [
   0.21312,
   0.53228,
   0.2546
  ],
  [
   0.22112,
   0.55552,
   0.22336
  ],
  [
   0.22788,
   0.53938,
   0.23274
  ],
  [
   0.24506,
   0.53024,
   0.2247
  ],
  [
   0.24926,
   0.51662,
   0.23412
  ],
  [
   0.25512,
   0.53722,
   0.20766
  ],
  [
   0.2601,
   0.51898,
   0.22092
  ],
  [
   0.27058,
   0.51546,
   0.21396
  ],
  [
   0.2817,
   0.51898,
   0.19932
  ],
  [
   0.28942,
   0.50532,
   0.20526
  ],
  [
   0.29446,
   0.49692,
   0.20862
  ],
  [
   0.29498,
   0.48242,
   0.2226
  ],
  [
   0.30672,
   0.48796,
   0.20532
  ],
  [
   0.3136,
   0.48884,
   0.19756
  ],
  [
   0.31902,
   0.49464,
   0.18634
  ],
  [
   0.3211,
   0.50532,
   0.17358
  ],
  [
   0.33248,
   0.48488,
   0.18264
  ],
  [
   0.33432,
   0.4697,
   0.19598
  ],
  [
   0.34544,
   0.4691,
   0.18546
  ],
  [
   0.3503,
   0.47902,
   0.17068
  ],
  [
   0.34848,
   0.4978,
   0.15372
  ],
  [
   0.3687,
   0.46176,
   0.16954
  ],
  [
   0.37982,
   0.44768,
   0.1725
  ],
  [
   0.3886,
   0.43324,
   0.17816
  ],
  [
   0.38684,
   0.45438,
   0.15878
  ],
  [
   0.40316,
   0.42366,
   0.17318
  ],
  [
   0.41106,
   0.42478,
   0.16416
  ],
  [
   0.40742,
   0.4393,
   0.15328
  ],
  [
   0.42454,
   0.42088,
   0.15458
  ],
  [
   0.42714,
   0.41828,
   0.15458
  ],
  [
   0.46612,
   0.38016,
   0.15372
  ],
  [
   0.4518,
   0.40616,
   0.14204
  ],
  [
   0.45638,
   0.40616,
   0.13746
  ],
  [
   0.46628,
   0.39626,
   0.13746
  ],
  [
   0.47502,
   0.39294,
   0.13204
  ],
  [
   0.47502,
   0.39294,
   0.13204
  ],
  [
   0.48048,
   0.3951,
   0.12442
  ],
  [
   0.4783,
   0.40192,
   0.11978
  ],
  [
   0.4831,
   0.40046,
   0.11644
  ],
  [
   0.48746,
   0.39894,
   0.1136
  ],
  [
   0.49496,
   0.39626,
   0.10878
  ],
  [
   0.49524,
   0.39778,
   0.10698
  ],
  [
   0.4865,
   0.41018,
   0.10332
  ],
  [
   0.4862,
   0.41598,
   0.09782
  ],
  [
   0.49462,
   0.4094,
   0.09598
  ],
  [
   0.49462,
   0.4094,
   0.09598
  ]
 ],