{
 "elements": [
  "Mo",
  "Nb",
  "Ti"
 ],
 "sampling_sss": [
  201.451692,
  222.30873,
  167.011674,
  175.851829,
  103.044966,
  149.576899,
  69.790515,
  154.379556,
  134.670914,
  74.283126,
  256.047053,
  166.068312,
  202.318883,
  117.737632,
  222.709332,
  155.167218,
  242.040021,
  83.78403,
  49.004186,
  192.565716,
  166.939679,
  207.97704,
  50.869942,
  94.949903,
  233.419603,
  57.132537,
  136.499485,
  124.857631,
  184.133544,
  112.556142,
  246.729167,
  161.908032,
  209.998192
 ],
 "sampling_D": [
  1.355237,
  1.361552,
  1.429497,
  1.298268,
  1.270111,
  1.37193,
  1.266873,
  1.536293,
  1.281629,
  1.261863,
  1.349491,
  1.327914,
  1.317711,
  1.277672,
  1.31759,
  1.451777,
  1.327744,
  1.262913,
  1.232471,
  1.310406,
  1.304271,
  1.316637,
  1.235807,
  1.267631,
  1.320836,
  1.240674,
  1.440754,
  1.281999,
  1.308842,
  1.30287,
  1.333557,
  1.298995,
  1.309696
 ],
 "sampling_concentration": [
  [
   0.010098,
   0.010096,
   0.010096
  ],
  [
   0.015152,
   0.007576,
   0.007576
  ],
  [
   0.007576,
   0.007576,
   0.015152
  ],
  [
   0.007576,
   0.015152,
   0.007576
  ],
  [
   0.00383,
   0.018716,
   0.007756
  ],
  [
   0.020156,
   0.003992,
   0.006156
  ],
  [
   0.002382,
   0.010814,
   0.017106
  ],
  [
   0.016318,
   0.001626,
   0.012358
  ],
  [
   0.005096,
   0.01764,
   0.007568
  ],
  [
   0.00253,
   0.019978,
   0.007796
  ],
  [
   0.014226,
   0.01323,
   0.002848
  ],
  [
   0.007708,
   0.021078,
   0.001518
  ],
  [
   0.009988,
   0.01694,
   0.003374
  ],
  [
   0.00436,
   0.01636,
   0.009582
  ],
  [
   0.011766,
   0.01328,
   0.005258
  ],
  [
   0.006942,
   0.003582,
   0.019778
  ],
  [
   0.013626,
   0.01224,
   0.004438
  ],
  [
   0.002802,
   0.016812,
   0.010688
  ],
  [
   0.00152,
   0.016306,
   0.012476
  ],
  [
   0.008854,
   0.015624,
   0.005826
  ],
  [
   0.007026,
   0.017682,
   0.005596
  ],
  [
   0.010336,
   0.014272,
   0.005696
  ],
  [
   0.001586,
   0.017488,
   0.01123
  ],
  [
   0.003336,
   0.01714,
   0.009826
  ],
  [
   0.012946,
   0.01219,
   0.005168
  ],
  [
   0.001856,
   0.017184,
   0.011264
  ],
  [
   0.01925,
   0.0019,
   0.009152
  ],
  [
   0.004788,
   0.016862,
   0.008652
  ],
  [
   0.008238,
   0.015528,
   0.006538
  ],
  [
   0.00405,
   0.012658,
   0.013596
  ],
  [
   0.014118,
   0.012444,
   0.003742
  ],
  [
   0.006588,
   0.016244,
   0.00747
  ],
  [
   0.01056,
   0.015084,
   0.004658
  ]
 ],
 "pareto_front_concentration": [
  [
   0.000512,
   0.005396,
   0.004128
  ],
  [
   0.0005,
   0.005384,
   0.004116
  ],
  [
   0.000514,
   0.005304,
   0.00418
  ],
  [
   0.000532,
   0.005158,
   0.00431
  ],
  [
   0.000576,
   0.005292,
   0.004132
  ],
  [
   0.000576,
   0.005292,
   0.00413
  ],
  [
   0.000584,
   0.005066,
   0.00435
  ],
  [
   0.000638,
   0.005376,
   0.003988
  ],
  [
   0.00064,
   0.005304,
   0.004056
  ],
  [
   0.000654,
   0.005176,
   0.00417
  ],
  [
   0.000702,
   0.005304,
   0.003994
  ],
  [
   0.000746,
   0.005502,
   0.003754
  ],
  [
   0.000762,
   0.005292,
   0.003946
  ],
  [
   0.000774,
   0.005324,
   0.003902
  ],
  [
   0.000796,
   0.005304,
   0.003902
  ],
  [
   0.000814,
   0.005414,
   0.003772
  ],
  [
   0.000832,
   0.005314,
   0.003854
  ],
  [
   0.00092,
   0.005522,
   0.003558
  ],
  [
   0.000946,
   0.005282,
   0.003772
  ],
  [
   0.00101,
   0.005462,
   0.003528
  ],
  [
   0.00102,
   0.00535,
   0.003628
  ],
  [
   0.001042,
   0.00535,
   0.003606
  ],
  [
   0.001076,
   0.00577,
   0.003154
  ],
  [
   0.001088,
   0.005706,
   0.003206
  ],
  [
   0.001114,
   0.005386,
   0.003498
  ],
  [
   0.001154,
   0.005654,
   0.003192
  ],
  [
   0.001168,
   0.005682,
   0.00315
  ],
  [
   0.001194,
   0.0056,
   0.003206
  ],
  [
   0.001208,
   0.005586,
   0.003206
  ],
  [
   0.001216,
   0.005366,
   0.003418
  ],
  [
   0.001248,
   0.005548,
   0.003204
  ],
  [
   0.001262,
   0.005566,
   0.003172
  ],
  [
   0.001288,
   0.00546,
   0.00325
  ],
  [
   0.001318,
   0.005566,
   0.003116
  ],
  [
   0.001356,
   0.005614,
   0.00303
  ],
  [
   0.001378,
   0.005522,
   0.0031
  ],
  [
   0.001416,
   0.005434,
   0.00315
  ],
  [
   0.001456,
   0.005642,
   0.002902
  ],
  [
   0.001474,
   0.00556,
   0.002966
  ],
  [
   0.001514,
   0.00556,
   0.002926
  ],
  [
   0.00153,
   0.00537,
   0.0031
  ],
  [
   0.001598,
   0.005574,
   0.002828
  ],
  [
   0.00162,
   0.00548,
   0.002898
  ],
  [
   0.001664,
   0.005534,
   0.002802
  ],
  [
   0.001692,
   0.005696,
   0.002612
  ],
  [
   0.001742,
   0.005686,
   0.00257
  ],
  [
   0.001776,
   0.005678,
   0.002546
  ],
  [
   0.001844,
   0.005572,
   0.002584
  ],
  [
   0.001902,
   0.005562,
   0.002536
  ],
  [
   0.001906,
   0.005558,
   0.002536
  ],
  [
   0.001952,
   0.005462,
   0.002586
  ],
  [
   0.00198,
   0.005328,
   0.00269
  ],
  [
   0.002066,
   0.005482,
   0.002452
  ],
  [
   0.00206,
   0.005358,
   0.002582
  ],
  [
   0.002132,
   0.005322,
   0.002546
  ],
  [
   0.002212,
   0.005556,
   0.002234
  ],
  [
   0.002278,
   0.005394,
   0.002328
  ],
  [
   0.00245,
   0.005302,
   0.002248
  ],
  [
   0.002492,
   0.005166,
   0.002342
  ],
  [
   0.002552,
   0.005372,
   0.002076
  ],
  [
   0.0026,
   0.00519,
   0.00221
  ],
  [
   0.002706,
   0.005154,
   0.00214
  ],
  [
   0.002818,
   0.00519,
   0.001994
  ],
  [
   0.002894,
   0.005054,
   0.002052
  ],
  [
   0.002944,
   0.00497,
   0.002086
  ],
  [
   0.00295,
   0.004824,
   0.002226
  ],
  [
   0.003068,
   0.00488,
   0.002054
  ],
  [
   0.003136,
   0.004888,
   0.001976
  ],
  [
   0.00319,
   0.004946,
   0.001864
  ],
  [
   0.00321,
   0.005054,
   0.001736
  ],
  [
   0.003324,
   0.004848,
   0.001826
  ],
  [
   0.003344,
   0.004698,
   0.00196
  ],
  [
   0.003454,
   0.00469,
   0.001854
  ],
  [
   0.003502,
   0.00479,
   0.001706
  ],
  [
   0.003484,
   0.004978,
   0.001538
  ],
  [
   0.003686,
   0.004618,
   0.001696
  ],
  [
   0.003798,
   0.004476,
   0.001724
  ],
  [
   0.003886,
   0.004332,
   0.001782
  ],
  [
   0.003868,
   0.004544,
   0.001588
  ],
  [
   0.004032,
   0.004236,
   0.001732
  ],
  [
   0.00411,
   0.004248,
   0.001642
  ],
  [
   0.004074,
   0.004394,
   0.001532
  ],
  [
   0.004246,
   0.004208,
   0.001546
  ],
  [
   0.004272,
   0.004182,
   0.001546
  ],
  [
   0.004662,
   0.003802,
   0.001538
  ],
  [
   0.004518,
   0.004062,
   0.00142
  ],
  [
   0.004564,
   0.004062,
   0.001374
  ],
  [
   0.004662,
   0.003962,
   0.001374
  ],
  [
   0.00475,
   0.00393,
   0.00132
  ],
  [
   0.00475,
   0.00393,
   0.00132
  ],
  [
   0.004804,
   0.003952,
   0.001244
  ],
  [
   0.004782,
   0.00402,
   0.001198
  ],
  [
   0.004832,
   0.004004,
   0.001164
  ],
  [
   0.004874,
   0.00399,
   0.001136
  ],
  [
   0.00495,
   0.003962,
   0.001088
  ],
  [
   0.004952,
   0.003978,
   0.00107
  ],
  [
   0.004864,
   0.004102,
   0.001034
  ],
  [
   0.004862,
   0.00416,
   0.000978
  ],
  [
   0.004946,
   0.004094,
   0.00096
  ],
  [
   0.004946,
   0.004094,
   0.00096
  ]
 ],